<application>
  <component name="ProjectJdkTable">
    <jdk version="2">
      <name value="Python 3.6 (processamentoImagem)" />
      <type value="Python SDK" />
      <version value="Python 3.6.3" />
      <homePath value="C:\Users\aluno.undb\PycharmProjects\processamentoImagem\venv\Scripts\python.exe" />
      <roots>
        <classPath>
          <root type="composite">
            <root url="file://C:/Program Files/Python36/DLLs" type="simple" />
            <root url="file://C:/Program Files/Python36/Lib" type="simple" />
            <root url="file://C:/Program Files/Python36" type="simple" />
            <root url="file://$USER_HOME$/PycharmProjects/processamentoImagem/venv" type="simple" />
            <root url="file://$USER_HOME$/PycharmProjects/processamentoImagem/venv/Lib/site-packages" type="simple" />
            <root url="jar://$USER_HOME$/PycharmProjects/processamentoImagem/venv/Lib/site-packages/setuptools-39.1.0-py3.6.egg!/" type="simple" />
            <root url="file://$USER_HOME$/PycharmProjects/processamentoImagem/venv/Lib/site-packages/pip-10.0.1-py3.6.egg" type="simple" />
            <root url="file://$USER_HOME$/.PyCharmCE2018.3/system/python_stubs/-1186371100" type="simple" />
            <root url="file://$APPLICATION_HOME_DIR$/helpers/python-skeletons" type="simple" />
            <root url="file://$APPLICATION_HOME_DIR$/helpers/typeshed/stdlib/3" type="simple" />
            <root url="file://$APPLICATION_HOME_DIR$/helpers/typeshed/stdlib/2and3" type="simple" />
            <root url="file://$APPLICATION_HOME_DIR$/helpers/typeshed/third_party/3" type="simple" />
            <root url="file://$APPLICATION_HOME_DIR$/helpers/typeshed/third_party/2and3" type="simple" />
          </root>
        </classPath>
        <sourcePath>
          <root type="composite" />
        </sourcePath>
      </roots>
      <additional ASSOCIATED_PROJECT_PATH="$USER_HOME$/PycharmProjects/processamentoImagem" />
    </jdk>
  </component>
</application>